Workbook

Sheet Datos_Crudos
A1: ID_Venta | B1: Fecha | C1: Cliente | D1: Categoría | E1: Vendedor | F1: Ciudad | G1: Canal | H1: Cantidad | I1: Precio_Unitario
A2: 1001 | B2: 45296 | C2: Ana Gómez | D2: Tecnología | E2: Carlos | F2: Bogotá | G2: Online | H2: 2 | I2: 2500
A3: 1002 | B3: 45297 | C3: Luis Pérez | D3: Tecnología | E3: Diana | F3: Medellín | G3: Tienda | H3: 5 | I3: 50
A4: 1003 | B4: 45297 | C4: Ana Gómez | D4: Tecnología | E4: Carlos | F4: Bogotá | G4: Online | H4: 2 | I4: 2500
A5: 1004 | B5: 45298 | C5: Juan Ruiz | D5: Muebles | E5: Andrés | F5: Cali | G5: Tienda | H5: 1 | I5: 900
A6: 1005 | B6: 45299 | C6: Laura Díaz | D6: Muebles | E6: Carlos | F6: Bogotá | G6: Online | H6: 3 | I6: 300

Sheet Datos_Limpios
A1: ID_Venta | B1: Fecha | C1: Nombre_Cliente | D1: Vendedor | E1: Ciudad_Cliente | F1: Canal | G1: Cantidad | H1: Producto | I1: Categoria | J1: Precio_Unitario | K1: Total_Ventas | L1: Tipo_Venta | M1: Comision | N1: Zona | O1: Meta_Vendedor
A2: 1001 | B2: 45296 | C2: Ana Gómez | D2: Carlos | E2: Bogotá | F2: Tienda | G2: 2 | H2: Escritorio | I2: =INDEX(tbl_Productos[Categoría],MATCH(H2,tbl_Productos[Producto],0)) -> Muebles | J2: =VLOOKUP(H2,tbl_Productos[],3,) -> 900 | K2: =G2*J2 -> 1800 | L2: =IF(K2>3000,"Alta",IF(K2>1000,"Media","Baja")) -> Media | M2: =K2*INDEX(tbl_Comisiones[PCT_comision],MATCH(I2,tbl_Comisiones[Categoria],0)) -> 162 | N2: =INDEX(tbl_vendedores[Zona],MATCH(D2,tbl_vendedores[Vendedor],0)) -> Centro | O2: =HLOOKUP(D2,Catalogos!$E$1:$H$2,2,FALSE) -> 15000
A3: 1002 | B3: 45297 | C3: Luis Pérez | D3: Diana | E3: Medellín | F3: Tienda | G3: 3 | H3: Laptop | I3: =INDEX(tbl_Productos[Categoría],MATCH(H3,tbl_Productos[Producto],0)) -> Tecnología | J3: =VLOOKUP(H3,tbl_Productos[],3,) -> 2500 | K3: =G3*J3 -> 7500 | L3: =IF(K3>3000,"Alta",IF(K3>1000,"Media","Baja")) -> Alta | M3: =K3*INDEX(tbl_Comisiones[PCT_comision],MATCH(I3,tbl_Comisiones[Categoria],0)) -> 450 | N3: =INDEX(tbl_vendedores[Zona],MATCH(D3,tbl_vendedores[Vendedor],0)) -> Norte | O3: =HLOOKUP(D3,Catalogos!$E$1:$H$2,2,FALSE) -> 12000
A4: 1003 | B4: 45297 | C4: Ana Gómez | D4: Carlos | E4: Bogotá | F4: Online | G4: 24 | H4: Escritorio | I4: =INDEX(tbl_Productos[Categoría],MATCH(H4,tbl_Productos[Producto],0)) -> Muebles | J4: =VLOOKUP(H4,tbl_Productos[],3,) -> 900 | K4: =G4*J4 -> 21600 | L4: =IF(K4>3000,"Alta",IF(K4>1000,"Media","Baja")) -> Alta | M4: =K4*INDEX(tbl_Comisiones[PCT_comision],MATCH(I4,tbl_Comisiones[Categoria],0)) -> 1944 | N4: =INDEX(tbl_vendedores[Zona],MATCH(D4,tbl_vendedores[Vendedor],0)) -> Centro | O4: =HLOOKUP(D4,Catalogos!$E$1:$H$2,2,FALSE) -> 15000
A5: 1004 | B5: 45298 | C5: Juan Ruiz | D5: Andrés | E5: Cali | F5: Mayorista | G5: 8 | H5: Escritorio | I5: =INDEX(tbl_Productos[Categoría],MATCH(H5,tbl_Productos[Producto],0)) -> Muebles | J5: =VLOOKUP(H5,tbl_Productos[],3,) -> 900 | K5: =G5*J5 -> 7200 | L5: =IF(K5>3000,"Alta",IF(K5>1000,"Media","Baja")) -> Alta | M5: =K5*INDEX(tbl_Comisiones[PCT_comision],MATCH(I5,tbl_Comisiones[Categoria],0)) -> 648 | N5: =INDEX(tbl_vendedores[Zona],MATCH(D5,tbl_vendedores[Vendedor],0)) -> Sur | O5: =HLOOKUP(D5,Catalogos!$E$1:$H$2,2,FALSE) -> 10000
A6: 1005 | B6: 45299 | C6: Laura Díaz | D6: Carlos | E6: Bogotá | F6: Online | G6: 16 | H6: Silla | I6: =INDEX(tbl_Productos[Categoría],MATCH(H6,tbl_Productos[Producto],0)) -> Muebles | J6: =VLOOKUP(H6,tbl_Productos[],3,) -> 300 | K6: =G6*J6 -> 4800 | L6: =IF(K6>3000,"Alta",IF(K6>1000,"Media","Baja")) -> Alta | M6: =K6*INDEX(tbl_Comisiones[PCT_comision],MATCH(I6,tbl_Comisiones[Categoria],0)) -> 432 | N6: =INDEX(tbl_vendedores[Zona],MATCH(D6,tbl_vendedores[Vendedor],0)) -> Centro | O6: =HLOOKUP(D6,Catalogos!$E$1:$H$2,2,FALSE) -> 15000

Sheet Productos
A1: Producto | B1: Categoría | C1: Precio_Unitario
A2: Laptop | B2: Tecnología | C2: 2500
A3: Mouse | B3: Tecnología | C3: 50
A4: Escritorio | B4: Muebles | C4: 900
A5: Silla | B5: Muebles | C5: 300

Sheet Reglas_Comision
A1: Categoria | B1: PCT_comision
A2: Tecnología | B2: 0.06
A3: Muebles | B3: 0.09

Sheet Catalogos
A1: Vendedor | B1: Zona | F1: Carlos | G1: Diana | H1: Andrés
A2: Carlos | B2: Centro | E2: Meta_Mensual | F2: 15000 | G2: 12000 | H2: 10000
A3: Diana | B3: Norte
A4: Andrés | B4: Sur
E5: Canal
E6: Online
E7: Tienda
E8: Mayorista

Sheet Analisis
A1: Métrica | B1: Valor
A2: Ventas Totales | B2: =SUM(tbl_Ventas[Total_Ventas]) -> 42900 | E2: Categoría | F2: Ventas | I2: Vendedor | J2: Ventas | K2: Comisión | L2: Meta | M2: Cumple Meta
A3: Total Comisiones | B3: =SUM(tbl_Ventas[Comision]) -> 3636 | E3: Tecnología | F3: =SUMIF(tbl_Ventas[Categoria],E3,tbl_Ventas[Total_Ventas]) -> 7500 | I3: Carlos | J3: =SUMIF(tbl_Ventas[Vendedor],I3,tbl_Ventas[Total_Ventas]) -> 28200 | K3: =SUMIF(tbl_Ventas[Vendedor],I3,tbl_Ventas[Comision]) -> 2538 | L3: =HLOOKUP(I3,Catalogos!$E$1:$H$2,2,FALSE) -> 15000 | M3: =IF(J3>L3,"Cumple","No Cumple") -> Cumple
A4: Número de Ventas | B4: =COUNTA(tbl_Ventas[Fecha]) -> 5 | E4: Muebles | F4: =SUMIF(tbl_Ventas[Categoria],E4,tbl_Ventas[Total_Ventas]) -> 35400 | I4: Diana | J4: =SUMIF(tbl_Ventas[Vendedor],I4,tbl_Ventas[Total_Ventas]) -> 7500 | K4: =SUMIF(tbl_Ventas[Vendedor],I4,tbl_Ventas[Comision]) -> 450 | L4: =HLOOKUP(I4,Catalogos!$E$1:$H$2,2,FALSE) -> 12000 | M4: =IF(J4>L4,"Cumple","No Cumple") -> No Cumple
A5: Ticket Promedio | B5: =AVERAGE(tbl_Ventas[Total_Ventas]) -> 8580 | I5: Andrés | J5: =SUMIF(tbl_Ventas[Vendedor],I5,tbl_Ventas[Total_Ventas]) -> 7200 | K5: =SUMIF(tbl_Ventas[Vendedor],I5,tbl_Ventas[Comision]) -> 648 | L5: =HLOOKUP(I5,Catalogos!$E$1:$H$2,2,FALSE) -> 10000 | M5: =IF(J5>L5,"Cumple","No Cumple") -> No Cumple
